表名,字段,中文意思,定义（含公式）,数据样例,备注
01_月度线索量_Leads_真实,month,月份,业务月份标识，格式 YYYY-MM（文本）,2023-10,看板按 month 对齐各月报趋势；日期基准（自然月/账单周期）待确认
01_月度线索量_Leads_真实,leads_Tiktok,TikTok 渠道线索量,当月 TikTok 渠道产生的线索数,136,计数口径（用户/申请、是否去重）待确认
01_月度线索量_Leads_真实,leads_GEO,GEO 应用商店线索量,当月应用商店（GEO）渠道线索数,1,计数口径待确认；真实月报层独有渠道，明细层无对应
01_月度线索量_Leads_真实,leads_Organic,自然流量线索量,当月自然（Organic）流量线索数,40583,计数口径待确认
01_月度线索量_Leads_真实,leads_Owned Channels,自有渠道线索量,当月自有渠道（推送/站内信/邮件）线索数,246,计数口径待确认；明细层近似对应 CRM，归属规则需确认
01_月度线索量_Leads_真实,leads_Google,Google 渠道线索量,当月 Google（Search+PMax 合计）线索数,9832,计数口径待确认；明细层拆分为 Google Search 与 Google PMax
01_月度线索量_Leads_真实,leads_Bing,Bing 渠道线索量,当月 Bing 渠道线索数,349,计数口径待确认；明细层 CH 无 Bing 渠道，导入前需决定归属
01_月度线索量_Leads_真实,leads_Lead Partner,线索合作方线索量,当月 Lead Partner 渠道线索数,4854,计数口径待确认；明细层近似对应 Affiliate，归属规则需确认
01_月度线索量_Leads_真实,leads_Meta,Meta 渠道线索量,当月 Meta（Facebook/Instagram）线索数,228,计数口径待确认
01_月度线索量_Leads_真实,leads_Total,全渠道线索总量,当月全部渠道线索合计；校验公式：leads_Total = Σ leads_<渠道>,55982,与 05 的 leads 指标同源参照；不当作申请量
02_月度放款量_Funded_真实,month,月份,业务月份标识，格式 YYYY-MM（文本）,2023-10,日期基准待确认
02_月度放款量_Funded_真实,funded_Organic,Organic 渠道放款笔数,当月 Organic 渠道真实放款笔数,5300,贷款数/客户数、首贷/复贷范围待确认
02_月度放款量_Funded_真实,funded_Owned Channels,自有渠道放款笔数,当月自有渠道放款笔数,29,同上；明细层近似对应 CRM
02_月度放款量_Funded_真实,funded_Meta,Meta 渠道放款笔数,当月 Meta 渠道放款笔数,17,贷款数/客户数、首贷/复贷范围待确认
02_月度放款量_Funded_真实,funded_Google,Google 渠道放款笔数,当月 Google 渠道放款笔数,1523,同上
02_月度放款量_Funded_真实,funded_Bing,Bing 渠道放款笔数,当月 Bing 渠道放款笔数,36,同上
02_月度放款量_Funded_真实,funded_Lead Partner,Lead Partner 渠道放款笔数,当月 Lead Partner 渠道放款笔数,311,同上
02_月度放款量_Funded_真实,funded_Tiktok,TikTok 渠道放款笔数,当月 TikTok 渠道放款笔数,10,同上
02_月度放款量_Funded_真实,funded_GEO,GEO 渠道放款笔数,当月 GEO 渠道放款笔数,1,同上
02_月度放款量_Funded_真实,funded_Total,全渠道放款笔数,当月全部渠道放款合计；校验公式：funded_Total = Σ funded_<渠道>,7197,同月 Funded÷Leads 仅为派生观察比值，不是已验证的同批 Cohort 转化率
03_月度放款成本_CPFL_真实,month,月份,业务月份标识，格式 YYYY-MM（文本）,2024-07,日期基准待确认
03_月度放款成本_CPFL_真实,cpfl_total,全渠道 CPFL,CPFL = Cost Per Funded Loan（单笔放款成本）；公式：CPFL = 当月获客费用 ÷ 当月放款笔数,20.7537,币种未注明（看板按 AUD 展示）；费用范围（是否含代理费/工具费）待确认
03_月度放款成本_CPFL_真实,cpfl_Google,Google 渠道 CPFL,公式：cpfl_Google = Google 当月费用 ÷ Google 当月放款笔数,83.403,负值保留，不当作低成本优势；费用范围待确认
03_月度放款成本_CPFL_真实,cpfl_Bing,Bing 渠道 CPFL,公式：cpfl_Bing = Bing 当月费用 ÷ Bing 当月放款笔数,393.062,同上
03_月度放款成本_CPFL_真实,cpfl_Lead Partner,Lead Partner 渠道 CPFL,公式：cpfl_Lead Partner = Lead Partner 当月费用 ÷ Lead Partner 当月放款笔数,60.0977,同上；CPFL 不改名 CAC，不按 CPFL×Funded 倒推真实 Spend
04_月度渠道质量_GreenPct_真实,month,月份,业务月份标识，格式 YYYY-MM（文本）,2024-07,日期基准待确认
04_月度渠道质量_GreenPct_真实,channel,渠道,渠道枚举：Tiktok / GEO / Organic / Owned Channels / Google / Bing / Lead Partner / Meta,Tiktok,与 01/02 渠道一致
04_月度渠道质量_GreenPct_真实,green_pct,绿色占比,该渠道当月判定样本中绿色分层占比，0~1 小数；公式：green_pct = green_n ÷ (green_n+orange_n+red_n+na_n),0.105263,绿/橙/红/NA 各档业务定义待确认；原表缺样本量（由 13 补充）
04_月度渠道质量_GreenPct_真实,orange_pct,橙色占比,公式：orange_pct = orange_n ÷ 判定样本总量,0,同上；不当作合格率/审批率/欺诈率
04_月度渠道质量_GreenPct_真实,red_pct,红色占比,公式：red_pct = red_n ÷ 判定样本总量,0.789474,同上
04_月度渠道质量_GreenPct_真实,na_pct,未判定占比,公式：na_pct = na_n ÷ 判定样本总量,0.105263,小样本渠道（Tiktok/Meta 等）占比不可靠；比例不做跨月跨渠道加权平均
05_年度KPI参照_Y26KPI_真实,metric_name,指标名,KPI 指标枚举（11 个）：leads(线索量)、cpfl_variable_cost(单笔放款变动成本 AUD)、total_originations(放款总额 AUD)、funded(放款笔数)、avg_ticket_size(件均放款 AUD)、end_to_end_conversionpct(端到端转化率)、completedpct(申请完成率)、approvalpct(审批率)、fundedpct(放款率)、variable_cost(变动成本总额 AUD)、cpl_variable_cost(单线索变动成本 AUD),leads,数值关系校验：variable_cost÷funded=cpfl_variable_cost；variable_cost÷leads=cpl_variable_cost；total_originations÷funded=avg_ticket_size；funded÷leads=end_to_end_conversionpct；completedpct×approvalpct×fundedpct=end_to_end_conversionpct。性质（目标/预测/实际）待确认
05_年度KPI参照_Y26KPI_真实,month,时期,avg_2026 = 2026 年均值；value_2026_MM = 2026 年 MM 月当月值,avg_2026,看板仅作 KPI 参照，不计算达成率
05_年度KPI参照_Y26KPI_真实,metric_value,指标数值,指标取值；单位依指标（笔 / AUD / 比例）,65570.4,性质待确认；不覆盖历史月度监控
06_获客明细主表_Records_样例,id,获客实体 ID,首访获客实体唯一标识，全表唯一,V-2001,样例 V-2001；看板以此为记录主键
06_获客明细主表_Records_样例,userId,用户 ID,用户唯一标识,USR-2001,新客（customer=new）全表唯一；老客可跨获客实体复用（样例 USR-2016/USR-2031/USR-2044 各出现 2 次）
06_获客明细主表_Records_样例,applicationId,申请 ID,申请唯一标识，仅 submitted 非空时填写,APP-2001,未提交申请必须留空；全表唯一
06_获客明细主表_Records_样例,loanId,贷款 ID,贷款唯一标识，仅 funded 非空时填写,LN-2001,未放款必须留空；全表唯一；loan_id 唯一保证放款数不随归因模型变化
06_获客明细主表_Records_样例,cohort,首访日期,获客 Cohort 基准日，格式 YYYY-MM-DD（文本）,2026-05-01,看板契约要求完整日期；首触点 day 必须与 cohort 一致
06_获客明细主表_Records_样例,channel,首访渠道,渠道枚举：Google Search / Google PMax / Meta / TikTok / Affiliate / CRM / Organic / Direct,Google Search,固定首访来源，不随归因模型变化
06_获客明细主表_Records_样例,campaign,首访 Campaign,首访发生的 Campaign 名称,AU_Search_Brand,与首触点 campaign 一致
06_获客明细主表_Records_样例,brand,品牌词分类,brand=品牌词；nonbrand=非品牌词；na=不适用,brand,仅 Google Search 区分 brand/nonbrand，其他渠道均为 na
06_获客明细主表_Records_样例,customer,新老客,new=新客；old=老客,new,新客一人一首贷（userId 全表唯一）
06_获客明细主表_Records_样例,region,地区,州枚举：NSW / VIC / QLD,NSW,样例数据仅含三州
06_获客明细主表_Records_样例,device,设备,mobile / desktop,mobile,
06_获客明细主表_Records_样例,product,产品类型,fixed=固定期限贷款；loc=循环额度（Line of Credit）,fixed,
06_获客明细主表_Records_样例,started,开始申请日期,开始申请（Started）日期，样例 = cohort,2026-05-01,阶段日期逐级非空：started→submitted→qualified→approved→funded
06_获客明细主表_Records_样例,submitted,提交申请日期,提交有效申请（Submitted）日期,2026-05-02,未提交留空
06_获客明细主表_Records_样例,qualified,合格日期,通过准入门槛（Qualified）日期,2026-05-03,未合格留空；合格率=qualified÷submitted（固定首访 Cohort，不用归因 credit 做分母）
06_获客明细主表_Records_样例,approved,审批通过日期,审批通过（Approved）日期,2026-05-04,未通过留空；审批率=approved÷qualified
06_获客明细主表_Records_样例,funded,放款日期,真实放款（Funded）日期,2026-05-05,未放款留空；放款率=funded÷approved
06_获客明细主表_Records_样例,impressions,首访媒体曝光数,首访渠道的媒体曝光次数,620,仅付费渠道有值；Organic/Direct/CRM 为 0
06_获客明细主表_Records_样例,clicks,首访媒体点击数,首访渠道的媒体点击次数,2,同上；CTR=clicks÷impressions
06_获客明细主表_Records_样例,sessions,首访会话数,首访会话次数,1,
06_获客明细主表_Records_样例,loanAmount,放款本金 AUD,放款本金金额，未放款为 0,5200,本金仅作规模展示，不计入贡献/ROAS 分子
06_获客明细主表_Records_样例,interest,生命周期利息预测,预测生命周期利息收入 AUD；样例公式 ≈ loanAmount×24%,1248,未放款为 0；同一生命周期预测口径
06_获客明细主表_Records_样例,fees,生命周期费用预测,预测生命周期费用收入 AUD；样例公式 ≈ loanAmount×0.9%,46.8,未放款为 0
06_获客明细主表_Records_样例,fundingCost,资金成本,同一生命周期资金成本 AUD；样例公式 ≈ loanAmount×7.1%,369.2,未放款为 0
06_获客明细主表_Records_样例,servicingCost,服务成本,运营服务成本 AUD；样例为放款固定 210,210,未放款为 0
06_获客明细主表_Records_样例,expectedLoss,预期信用损失,预期信用损失 AUD；公式 = loanAmount × 渠道风险率（基准 5.2%，TikTok 11%，Google PMax 8.8%，老客 −1.2pp）,270.4,未放款为 0；预期损失只扣一次，不重复叠加逾期率×本金
06_获客明细主表_Records_样例,ltv,折现贡献预测 LTV,上游折现贡献预测 AUD；公式 = (interest+fees−fundingCost−servicingCost−expectedLoss) × 新客系数（new=1.2，old=1.0）,534.24,未放款为 0；样例新客 LTV 用单贷贡献×1.2，不是已验证复借预测；正式需上游折现、期限、复借假设
06_获客明细主表_Records_样例,fraud,欺诈判定,已确认欺诈：TRUE/FALSE；未提交申请留空（null）,False,null 表示未判定，不计入欺诈率分母；欺诈率=已确认欺诈÷已完成判定的有效申请
06_获客明细主表_Records_样例,firstDue,首期应还日,首期应还日期；公式 = 放款日 +1 个月（同日）,2026-06-05,仅放款记录填写；未放款留空
06_获客明细主表_Records_样例,m1bad,首期 30+ 逾期标签,首期在应还日+30 天仍未偿清：TRUE/FALSE；公式口径：首期 DPD30+,False,仅在「firstDue+30 天 ≤ 快照日期 asOf」时填 TRUE/FALSE，否则必须留空（未成熟）；样例 asOf=2026-09-07
06_获客明细主表_Records_样例,thirdDue,第三期应还日,第三期应还日期；公式 = 放款日 +3 个月（同日）,2026-08-05,仅放款记录填写
06_获客明细主表_Records_样例,m3bad,第三期 30+ 逾期标签,第三期在应还日+30 天仍未偿清：TRUE/FALSE；公式口径：第三期 DPD30+（非 MOB3 任意逾期）,False,仅在「thirdDue+30 天 ≤ asOf」时填 TRUE/FALSE，否则留空；样本 <30 笔时看板标注
07_触点明细_Touches_样例,recordId,关联获客实体,关联 06_Records 的 id,V-2001,一对多：一个获客实体可有多条触点
07_触点明细_Touches_样例,touchId,触点 ID,触点唯一标识，同实体内唯一,V-2001-T1,同 ID 同内容 = 重复触点，看板自动去重（样例 V-2028-T1 出现 2 次）
07_触点明细_Touches_样例,day,触点日期,触点发生日期 YYYY-MM-DD；约束：cohort ≤ day ≤ asOf,2026-05-01,首触点 day 必须 = 主表 cohort
07_触点明细_Touches_样例,channel,触点渠道,渠道枚举同 06（8 个固定值）,Google Search,多触路径的每一跳；与 06 首访渠道解耦
07_触点明细_Touches_样例,campaign,触点 Campaign,该触点所属 Campaign,AU_Search_Brand,
07_触点明细_Touches_样例,brand,品牌词分类,brand / nonbrand / na,brand,同 06 规则
07_触点明细_Touches_样例,kind,触点类型,click=付费渠道点击；session=自然/自有/Direct 会话,click,付费渠道（Google Search/PMax/Meta/TikTok/Affiliate）为 click
07_触点明细_Touches_样例,consent,同意标识,用户是否同意数据采集：TRUE/FALSE,True,Google 资格判断要求 consent=TRUE（样例 V-2023 全 FALSE、V-2015 品牌触点 FALSE 演示资格缺失）
08_成本分摊明细_Costs_样例,recordId,关联获客实体,关联 06_Records 的 id,V-2001,一对多：每个渠道/Campaign 组合一行
08_成本分摊明细_Costs_样例,channel,分摊渠道,成本分摊到的渠道（CH 8 渠道枚举）,Google Search,
08_成本分摊明细_Costs_样例,campaign,分摊 Campaign,成本分摊到的 Campaign,AU_Search_Brand,
08_成本分摊明细_Costs_样例,amount,分摊金额 AUD,该渠道/Campaign 分摊的获客成本,15,获客 Cohort 分摊口径（含未转化流量），不是媒体服务日账单；Organic/Direct 为 0（看板显示 —，不当作免费获客优势）
09_回传日志_Postbacks_样例,recordId,关联获客实体,关联 06_Records 的 id,V-2001,每个已发生的业务事件必须有且仅有一行
09_回传日志_Postbacks_样例,businessKey,业务键,公式：businessKey = (funded ? loanId : applicationId) + ':' + event,APP-2001:submitted,funded 事件用 loanId，其余事件用 applicationId；全表唯一，看板以此对账
09_回传日志_Postbacks_样例,eventId,事件 ID,回传事件唯一标识,EV-2001-submitted,样例 EV-2001-submitted
09_回传日志_Postbacks_样例,event,事件类型,枚举：submitted / qualified / approved / funded,submitted,与 06 阶段对应；无 Google 资格的事件也必须列全（拒绝选择性日志）
09_回传日志_Postbacks_样例,day,业务发生日期,业务事件发生日期，必须 = 06 对应阶段日期,2026-05-02,看板校验 day 与业务事实一致
09_回传日志_Postbacks_样例,eligible,Google 资格,是否有 Google 回传资格；条件 = 事件前 30 天内存在带 consent 的 Google（Search/PMax）触点,True,由 07 触点推导，不随内部归因模型变化
09_回传日志_Postbacks_样例,matchable,可匹配业务键,资格事件能否匹配到业务键,True,eligible 为前提（子集链）
09_回传日志_Postbacks_样例,queued,进入队列,事件进入发送队列,True,matchable 为前提
09_回传日志_Postbacks_样例,sent,唯一已发送,事件已唯一发送到 Google,True,queued 为前提；重复发送见 rawCount
09_回传日志_Postbacks_样例,accepted,API 接受,Google API 已接受,True,sent 为前提；API 接收 ≠ 归因确认
09_回传日志_Postbacks_样例,processed,处理成功,回传处理成功,True,accepted 为前提
09_回传日志_Postbacks_样例,reported,已核实 Reported,Google 已核实确认该归因,True,processed 为前提，且事件距 asOf ≥3 天（T+3 观察期）；Reported 不等于平台 DDA 汇总
09_回传日志_Postbacks_样例,rawCount,原始回传计数,原始回传事件计数（含重复）,1,reported=TRUE 时 ≥1；>1 表示重复回传需核实（样例 V-2028 为 2）
09_回传日志_Postbacks_样例,mmp,MMP 确认,是否经 MMP 确认：TRUE/FALSE,True,样例口径 mmp=reported；真实数据以 MMP 实际确认为准
09_回传日志_Postbacks_样例,latency,首次发送时延（分钟）,首次发送时延；公式 = firstSentTime − eventTime（分钟）,8,仅 sent=TRUE 时有值；P90 时延 = nearest-rank P90(latency)；时戳明细见 14
09_回传日志_Postbacks_样例,amountOk,金额一致性,回传金额与业务金额一致：TRUE/FALSE,True,样例含 1 行 FALSE 异常（V-2010 funded）
09_回传日志_Postbacks_样例,statusOk,状态一致性,回传状态与业务状态一致：TRUE/FALSE,True,样例含 1 行 FALSE 异常（V-2011 approved）
09_回传日志_Postbacks_样例,timeOk,时间一致性,回传时间与业务时间一致：TRUE/FALSE,True,样例含 1 行 FALSE 异常（V-2003 funded）
10_系统任务SLA_Jobs_样例,name,任务名,数据链路任务名称,Web Tracking,全局快照，不随业务筛选变化
10_系统任务SLA_Jobs_样例,owner,归属团队,任务归属团队,Web,
10_系统任务SLA_Jobs_样例,freshness,数据新鲜度,数据新鲜度，单位分钟（基于数据集 asOf）,2,样例状态不表示当前机器正在运行该服务
10_系统任务SLA_Jobs_样例,sla,SLA 阈值,新鲜度 SLA 阈值，单位分钟,5,
10_系统任务SLA_Jobs_样例,success,成功率,任务成功率，0~100 数值（不带 %）,99.92,状态判断：freshness ≤ sla → 未超时，否则超时（样例 Platform Cost Ingestion 为超时演示）
11_增量实验Holdout_Experiment_样例,experimentId,实验编号,Holdout 实验唯一编号,HOLD-2026-03,看板「增量与预算」为手工输入，本表记录真实实验分组结果
11_增量实验Holdout_Experiment_样例,experimentName,实验名称,实验名称,新客获客渠道关闭 Holdout,
11_增量实验Holdout_Experiment_样例,group,分组,test=试验组；control=对照组,test,独立随机用户分组；每人最多一笔新客首贷
11_增量实验Holdout_Experiment_样例,periodStart,实验开始,实验期开始日期 YYYY-MM-DD,2026-05-01,
11_增量实验Holdout_Experiment_样例,periodEnd,实验结束,实验期结束日期 YYYY-MM-DD,2026-06-30,
11_增量实验Holdout_Experiment_样例,assignedUsers,分组用户数 N,组内分配用户数（Nt/Nc）,10000,增量首贷公式：ΔY = Yt − Yc × Nt/Nc（ITT，组规模归一）
11_增量实验Holdout_Experiment_样例,firstLoanUsers,组内首贷数 Y,组内新客首贷数（Yt/Yc）,1000,去重首贷；所有已分组用户均纳入分母
11_增量实验Holdout_Experiment_样例,adSpendAud,组内广告费 S,组内广告费 AUD（St/Sc）,20000,增量 CAC = (St − Sc×Nt/Nc) ÷ Δ首贷，需 ΔS>0 且 ΔY>0；对照组可为 0（渠道关闭实验）
11_增量实验Holdout_Experiment_样例,contributionAud,组内贡献 V,组内全渠道同口径贡献 AUD（Vt/Vc），不含本金,450000,增量贡献 ROAS = (Vt−Vc×Nt/Nc) ÷ (St−Sc×Nt/Nc)；需贡献方差/聚类信息出区间
12_媒体投放费用明细_MediaBilling_样例,month,月份,月份，格式 YYYY-MM（与真实月报一致）,2026-06,
12_媒体投放费用明细_MediaBilling_样例,channel,渠道,渠道（含真实月报层的 Bing/Lead Partner/GEO/Owned Channels）,Google Search,
12_媒体投放费用明细_MediaBilling_样例,campaign,Campaign,媒体 Campaign,AU_Search_Brand,
12_媒体投放费用明细_MediaBilling_样例,currency,币种,币种（样例 AUD）,AUD,即看板「currency 待确认」口径的确认入口
12_媒体投放费用明细_MediaBilling_样例,mediaCost,媒体费,媒体服务日账单口径费用 AUD,18000,与 08 的 Cohort 分摊口径不同，勿混算；用于核对 CPFL 上游（03）
12_媒体投放费用明细_MediaBilling_样例,impressions,曝光,当月曝光次数,692308,CPM = mediaCost ÷ impressions × 1000
12_媒体投放费用明细_MediaBilling_样例,clicks,点击,当月点击次数,19385,CTR = clicks ÷ impressions ×100%；CPC = mediaCost ÷ clicks
13_月度渠道质量样本量_GreenN_样例,month,月份,月份，格式 YYYY-MM,2026-01,看板点名：真实 Green 表「缺样本量及分层定义」
13_月度渠道质量样本量_GreenN_样例,channel,渠道,渠道枚举与 04 一致,Tiktok,
13_月度渠道质量样本量_GreenN_样例,green_n,绿色样本数,当月该渠道绿色分层判定样本数,1,四列合计 = 该渠道当月判定样本总量；样例比例与 04 对齐（误差 ≤0.5pp 舍入）
13_月度渠道质量样本量_GreenN_样例,orange_n,橙色样本数,当月橙色分层判定样本数,2,同上
13_月度渠道质量样本量_GreenN_样例,red_n,红色样本数,当月红色分层判定样本数,7,同上
13_月度渠道质量样本量_GreenN_样例,na_n,未判定样本数,当月未判定（NA）样本数,2,用于核验 Green% 分母；小样本渠道（Tiktok/Meta 不足百笔）占比不可信
14_回传事件时戳明细_PostbackTimestamps_样例,eventId,事件 ID,与 09 的 eventId 一致（仅已发送事件）,EV-2001-approved,看板词典：P90 时延「正式需 event_time/first_sent_time」
14_回传事件时戳明细_PostbackTimestamps_样例,businessKey,业务键,与 09 的 businessKey 一致,APP-2001:approved,
14_回传事件时戳明细_PostbackTimestamps_样例,event,事件类型,与 09 的 event 一致,approved,
14_回传事件时戳明细_PostbackTimestamps_样例,eventTime,业务事件时间,业务事件发生时间，格式 YYYY-MM-DD HH:MM（Sydney 本地时间）,2026-05-04 18:21,上游加工字段；组装 JSON 时不导入
14_回传事件时戳明细_PostbackTimestamps_样例,firstSentTime,首次发送时间,首次发送时间；公式 = eventTime + 发送时延,2026-05-04 18:32,同上；不把上传日当事件日
14_回传事件时戳明细_PostbackTimestamps_样例,latencyMin,时延分钟,时延分钟数；公式 = firstSentTime − eventTime,11,与 09 的 latency 完全一致（样例 57 行一一对应）
15_Google平台对账报表_GoogleAdsReport_样例,month,月份,月份，格式 YYYY-MM,2026-07,平台侧导出模板；看板本身不伪造平台 DDA 报表
15_Google平台对账报表_GoogleAdsReport_样例,campaign,Campaign,Google Campaign（与 12 的 Google 行一致）,AU_Search_Brand,
15_Google平台对账报表_GoogleAdsReport_样例,conversionAction,转化动作,枚举：application_submitted / qualified_lead / application_approved / loan_funded,application_submitted,与 09 的 event 对应，用于「按 Conversion Action 对账」
15_Google平台对账报表_GoogleAdsReport_样例,currency,币种,币种（样例 AUD）,AUD,
15_Google平台对账报表_GoogleAdsReport_样例,cost,Campaign 费用,该 Campaign 当月费用 AUD（与 12 的 mediaCost 对齐）,21000,平台导出按动作行重复；加总时按 Campaign 去重，勿跨动作加总
15_Google平台对账报表_GoogleAdsReport_样例,clicks,点击,该 Campaign 当月点击（与 12 对齐）,22615,
15_Google平台对账报表_GoogleAdsReport_样例,conversions,平台转化数,平台统计的该动作转化次数,52,对账用法：与 09 内部回传的 Reported 对比，差异即归因丢失/重复来源
15_Google平台对账报表_GoogleAdsReport_样例,conversionValue,转化价值,平台转化价值 AUD（样例 loan_funded 按 7500/笔）,0,平台 DDA 口径与公司业务键口径允许不一致，差异要解释而不是抹平
16_地域实验GeoLift_GeoExperiment_样例,experimentId,实验编号,Geo Lift 实验唯一编号,GEO-2026-02,看板证据表点名「未提供真实地域试验」，本表为证据方法输入
16_地域实验GeoLift_GeoExperiment_样例,experimentName,实验名称,实验名称,QLD+VIC 品牌搜索投放增量（Geo Lift）,
16_地域实验GeoLift_GeoExperiment_样例,region,地域,州（地域为随机化/聚类单元）,QLD,
16_地域实验GeoLift_GeoExperiment_样例,group,分组,test=投放增量地域；control=维持原投放地域,test,
16_地域实验GeoLift_GeoExperiment_样例,periodStart,实验开始,实验期开始日期,2026-05-01,
16_地域实验GeoLift_GeoExperiment_样例,periodEnd,实验结束,实验期结束日期,2026-06-30,
16_地域实验GeoLift_GeoExperiment_样例,prePeriodFirstLoans,实验前首贷基线,实验前同周期首贷数（基线平衡检查）,380,test/control 的 prePeriod 差异需检验
16_地域实验GeoLift_GeoExperiment_样例,mediaSpendAud,实验期媒体费,实验期媒体费 AUD,58000,地域级投放差异构成干预
16_地域实验GeoLift_GeoExperiment_样例,firstLoanUsers,实验期首贷数,实验期新客首贷数,425,因果效果需按地域聚类推断，出区间估计
16_地域实验GeoLift_GeoExperiment_样例,contributionAud,实验期贡献,实验期贡献 AUD（不含本金）,191000,验证重点：地域随机化、基线平衡、跨区污染（用户跨州）
