表名,字段,中文意思,数据类型,字段类型,是否必填,键角色,来源字段/配置,HTML映射,备注
snapshot_meta,key,元数据键,文本,原始字段,是,主键组成,配置+业务确认,meta.*,
snapshot_meta,value,元数据值,文本,原始字段,是,普通字段,配置+业务确认,meta.*,
snapshot_meta,required,是否必填,布尔,原始字段,是,普通字段,配置+业务确认,meta.*,
snapshot_meta,source,来源,文本,原始字段,是,普通字段,配置+业务确认,meta.*,
snapshot_meta,description,说明,文本,原始字段,是,普通字段,配置+业务确认,meta.*,
channel_mapping,monthlyChannel,月报层渠道,文本,原始字段,否,主键组成,口径确认,跨层分析辅助,
channel_mapping,detailChannel,明细层渠道,文本,原始字段,否,主键组成,口径确认,跨层分析辅助,
channel_mapping,mappingType,映射类型,文本,原始字段,是,普通字段,口径确认,跨层分析辅助,
channel_mapping,status,状态,文本,原始字段,是,普通字段,口径确认,跨层分析辅助,
channel_mapping,rule,映射规则,文本,原始字段,是,普通字段,口径确认,跨层分析辅助,
channel_mapping,notes,备注,文本,原始字段,否,普通字段,口径确认,跨层分析辅助,
monthly_channel_metrics,month,月份,文本,原始字段,是,主键组成,01/02/03/04/13.month,加工分析；月度JSON仍由01~05生成,
monthly_channel_metrics,channel,渠道,文本,原始字段,是,主键组成,01/02/03/04/13.channel,加工分析；月度JSON仍由01~05生成,
monthly_channel_metrics,leads,线索量,整数,原始字段,否,普通字段,01/02/03/04/13.leads,加工分析；月度JSON仍由01~05生成,
monthly_channel_metrics,funded,放款笔数,整数,原始字段,否,普通字段,01/02/03/04/13.funded,加工分析；月度JSON仍由01~05生成,
monthly_channel_metrics,cpfl,单笔放款成本,数值,原始字段,否,普通字段,01/02/03/04/13.cpfl,加工分析；月度JSON仍由01~05生成,
monthly_channel_metrics,green_pct,绿色占比,数值,原始字段,否,普通字段,01/02/03/04/13.green_pct,加工分析；月度JSON仍由01~05生成,
monthly_channel_metrics,orange_pct,橙色占比,数值,原始字段,否,普通字段,01/02/03/04/13.orange_pct,加工分析；月度JSON仍由01~05生成,
monthly_channel_metrics,red_pct,红色占比,数值,原始字段,否,普通字段,01/02/03/04/13.red_pct,加工分析；月度JSON仍由01~05生成,
monthly_channel_metrics,na_pct,未判定占比,数值,原始字段,否,普通字段,01/02/03/04/13.na_pct,加工分析；月度JSON仍由01~05生成,
monthly_channel_metrics,green_n,绿色样本数,整数,原始字段,否,普通字段,01/02/03/04/13.green_n,加工分析；月度JSON仍由01~05生成,
monthly_channel_metrics,orange_n,橙色样本数,整数,原始字段,否,普通字段,01/02/03/04/13.orange_n,加工分析；月度JSON仍由01~05生成,
monthly_channel_metrics,red_n,红色样本数,整数,原始字段,否,普通字段,01/02/03/04/13.red_n,加工分析；月度JSON仍由01~05生成,
monthly_channel_metrics,na_n,未判定样本数,整数,原始字段,否,普通字段,01/02/03/04/13.na_n,加工分析；月度JSON仍由01~05生成,
monthly_channel_metrics,quality_sample_n,质量判定样本总量,文本,加工字段,否,普通字段,01/02/03/04/13.quality_sample_n,加工分析；月度JSON仍由01~05生成,
monthly_channel_metrics,source_status,数据来源状态,文本,加工字段,是,普通字段,01/02/03/04/13.source_status,加工分析；月度JSON仍由01~05生成,
records,id,id,文本,原始字段,是,主键组成,06.id,records[].*,
records,userId,userId,文本,原始字段,是,普通字段,06.userId,records[].*,
records,applicationId,applicationId,文本,原始字段,否,普通字段,06.applicationId,records[].*,
records,loanId,loanId,文本,原始字段,否,普通字段,06.loanId,records[].*,
records,cohort,cohort,文本,原始字段,是,普通字段,06.cohort,records[].*,
records,channel,渠道,文本,原始字段,是,普通字段,06.channel,records[].*,
records,campaign,campaign,文本,原始字段,是,普通字段,06.campaign,records[].*,
records,brand,brand,文本,原始字段,是,普通字段,06.brand,records[].*,
records,customer,customer,文本,原始字段,是,普通字段,06.customer,records[].*,
records,region,region,文本,原始字段,是,普通字段,06.region,records[].*,
records,device,device,文本,原始字段,是,普通字段,06.device,records[].*,
records,product,product,文本,原始字段,是,普通字段,06.product,records[].*,
records,started,started,文本,原始字段,是,普通字段,06.started,records[].*,
records,submitted,submitted,文本,原始字段,否,普通字段,06.submitted,records[].*,
records,qualified,qualified,文本,原始字段,否,普通字段,06.qualified,records[].*,
records,approved,approved,文本,原始字段,否,普通字段,06.approved,records[].*,
records,funded,放款笔数,文本,原始字段,否,普通字段,06.funded,records[].*,
records,impressions,impressions,整数,原始字段,是,普通字段,06.impressions,records[].*,
records,clicks,clicks,整数,原始字段,是,普通字段,06.clicks,records[].*,
records,sessions,sessions,整数,原始字段,是,普通字段,06.sessions,records[].*,
records,loanAmount,loanAmount,整数,原始字段,是,普通字段,06.loanAmount,records[].*,
records,interest,interest,整数,原始字段,是,普通字段,06.interest,records[].*,
records,fees,fees,数值,原始字段,是,普通字段,06.fees,records[].*,
records,fundingCost,fundingCost,数值,原始字段,是,普通字段,06.fundingCost,records[].*,
records,servicingCost,servicingCost,整数,原始字段,是,普通字段,06.servicingCost,records[].*,
records,expectedLoss,expectedLoss,数值,原始字段,是,普通字段,06.expectedLoss,records[].*,
records,ltv,ltv,数值,原始字段,是,普通字段,06.ltv,records[].*,
records,fraud,fraud,布尔,原始字段,否,普通字段,06.fraud,records[].*,
records,firstDue,firstDue,文本,原始字段,否,普通字段,06.firstDue,records[].*,
records,m1bad,m1bad,布尔,原始字段,否,普通字段,06.m1bad,records[].*,
records,thirdDue,thirdDue,文本,原始字段,否,普通字段,06.thirdDue,records[].*,
records,m3bad,m3bad,布尔,原始字段,否,普通字段,06.m3bad,records[].*,
touches,recordId,recordId,文本,原始字段,是,主键组成,07.recordId,records[].touches[].*,
touches,id,id,文本,加工字段,是,主键组成,07.touchId,records[].touches[].*,
touches,day,day,文本,原始字段,是,普通字段,07.day,records[].touches[].*,
touches,channel,渠道,文本,原始字段,是,普通字段,07.channel,records[].touches[].*,
touches,campaign,campaign,文本,原始字段,是,普通字段,07.campaign,records[].touches[].*,
touches,brand,brand,文本,原始字段,是,普通字段,07.brand,records[].touches[].*,
touches,kind,kind,文本,原始字段,是,普通字段,07.kind,records[].touches[].*,
touches,consent,consent,布尔,原始字段,是,普通字段,07.consent,records[].touches[].*,
costs,recordId,recordId,文本,原始字段,是,主键组成,08.recordId,records[].costs[].*,
costs,channel,渠道,文本,原始字段,是,主键组成,08.channel,records[].costs[].*,
costs,campaign,campaign,文本,原始字段,是,主键组成,08.campaign,records[].costs[].*,
costs,amount,amount,数值,原始字段,是,普通字段,08.amount,records[].costs[].*,
postback_events,recordId,recordId,文本,原始字段,是,外键→records.id,09+14.recordId,postbacks[].*,
postback_events,businessKey,businessKey,文本,加工字段,是,主键组成,09+14.businessKey,postbacks[].*,
postback_events,eventId,eventId,文本,原始字段,是,普通字段,09+14.eventId,postbacks[].*,
postback_events,event,event,文本,原始字段,是,普通字段,09+14.event,postbacks[].*,
postback_events,day,day,文本,原始字段,是,普通字段,09+14.day,postbacks[].*,
postback_events,eligible,eligible,布尔,加工字段,是,普通字段,09+14.eligible,postbacks[].*,
postback_events,matchable,matchable,布尔,原始字段,是,普通字段,09+14.matchable,postbacks[].*,
postback_events,queued,queued,布尔,原始字段,是,普通字段,09+14.queued,postbacks[].*,
postback_events,sent,sent,布尔,原始字段,是,普通字段,09+14.sent,postbacks[].*,
postback_events,accepted,accepted,布尔,原始字段,是,普通字段,09+14.accepted,postbacks[].*,
postback_events,processed,processed,布尔,原始字段,是,普通字段,09+14.processed,postbacks[].*,
postback_events,reported,reported,布尔,原始字段,是,普通字段,09+14.reported,postbacks[].*,
postback_events,rawCount,rawCount,整数,原始字段,是,普通字段,09+14.rawCount,postbacks[].*,
postback_events,mmp,mmp,布尔,原始字段,是,普通字段,09+14.mmp,postbacks[].*,
postback_events,latency,latency,整数,加工字段,否,普通字段,09+14.latency,postbacks[].*,
postback_events,amountOk,amountOk,布尔,原始字段,是,普通字段,09+14.amountOk,postbacks[].*,
postback_events,statusOk,statusOk,布尔,原始字段,是,普通字段,09+14.statusOk,postbacks[].*,
postback_events,timeOk,timeOk,布尔,原始字段,是,普通字段,09+14.timeOk,postbacks[].*,
postback_events,eventTime,业务事件时间,文本,原始字段,否,普通字段,14.eventTime,postbacks[].*,
postback_events,firstSentTime,首次发送时间,文本,原始字段,否,普通字段,14.firstSentTime,postbacks[].*,
jobs,name,name,文本,原始字段,是,主键组成,10.name,jobs[].*,
jobs,owner,owner,文本,原始字段,是,普通字段,10.owner,jobs[].*,
jobs,freshness,freshness,整数,原始字段,是,普通字段,10.freshness,jobs[].*,
jobs,sla,sla,整数,原始字段,是,普通字段,10.sla,jobs[].*,
jobs,success,success,数值,原始字段,是,普通字段,10.success,jobs[].*,
experiment_header,experimentId,experimentId,文本,原始字段,是,主键组成,11+16.experimentId,当前不直接导入,
experiment_header,experimentName,experimentName,文本,原始字段,是,普通字段,11+16.experimentName,当前不直接导入,
experiment_header,experimentType,实验类型,文本,加工字段,是,普通字段,11+16.experimentType,当前不直接导入,
experiment_header,randomizationUnit,随机化单元,文本,加工字段,是,普通字段,11+16.randomizationUnit,当前不直接导入,
experiment_header,periodStart,periodStart,文本,原始字段,是,普通字段,11+16.periodStart,当前不直接导入,
experiment_header,periodEnd,periodEnd,文本,原始字段,是,普通字段,11+16.periodEnd,当前不直接导入,
experiment_arms,experimentId,experimentId,文本,原始字段,是,主键组成,11+16.experimentId,当前不直接导入,
experiment_arms,unitValue,随机化单元取值,文本,加工字段,是,主键组成,11+16.unitValue,当前不直接导入,
experiment_arms,group,group,文本,原始字段,是,主键组成,11+16.group,当前不直接导入,
experiment_arms,assignedUsers,assignedUsers,整数,原始字段,否,普通字段,11+16.assignedUsers,当前不直接导入,
experiment_arms,prePeriodFirstLoans,prePeriodFirstLoans,整数,原始字段,否,普通字段,11+16.prePeriodFirstLoans,当前不直接导入,
experiment_arms,firstLoanUsers,firstLoanUsers,整数,原始字段,是,普通字段,11+16.firstLoanUsers,当前不直接导入,
experiment_arms,mediaSpendAud,mediaSpendAud,整数,原始字段,是,普通字段,11+16.mediaSpendAud,当前不直接导入,
experiment_arms,contributionAud,contributionAud,整数,原始字段,是,普通字段,11+16.contributionAud,当前不直接导入,
experiment_arms,sourceTable,来源表,文本,加工字段,是,普通字段,11+16.sourceTable,当前不直接导入,
media_billing,month,月份,文本,原始字段,是,主键组成,12.month,当前不直接导入,
media_billing,channel,渠道,文本,原始字段,是,主键组成,12.channel,当前不直接导入,
media_billing,campaign,campaign,文本,原始字段,是,主键组成,12.campaign,当前不直接导入,
media_billing,currency,currency,文本,原始字段,是,普通字段,12.currency,当前不直接导入,
media_billing,mediaCost,mediaCost,整数,原始字段,是,普通字段,12.mediaCost,当前不直接导入,
media_billing,impressions,impressions,整数,原始字段,是,普通字段,12.impressions,当前不直接导入,
media_billing,clicks,clicks,整数,原始字段,是,普通字段,12.clicks,当前不直接导入,
google_ads_conversions,month,月份,文本,原始字段,是,主键组成,15.month,当前不直接导入,
google_ads_conversions,channel,渠道,文本,加工字段,是,普通字段,固定值Google,当前不直接导入,
google_ads_conversions,campaign,campaign,文本,原始字段,是,主键组成,15.campaign,当前不直接导入,
google_ads_conversions,conversionAction,转化动作,文本,原始字段,是,主键组成,15.conversionAction,当前不直接导入,
google_ads_conversions,conversions,平台转化数,整数,原始字段,是,普通字段,15.conversions,当前不直接导入,
google_ads_conversions,conversionValue,平台转化价值,整数,原始字段,是,普通字段,15.conversionValue,当前不直接导入,
kpi_reference,metric_name,metric_name,文本,原始字段,是,主键组成,05.metric_name,monthly-monitor-v1.sources[kpi],
kpi_reference,month,月份,文本,原始字段,是,主键组成,05.month,monthly-monitor-v1.sources[kpi],
kpi_reference,metric_value,metric_value,数值,原始字段,是,普通字段,05.metric_value,monthly-monitor-v1.sources[kpi],
